{
  "test": {
    "n_ckpts": 5,
    "mean": {
      "acc": 0.8210526315789475,
      "qwk": 0.8059254900348802,
      "within1": 0.8973684210526317,
      "mae": 0.3289473684210526,
      "BA": 0.5466666666666666,
      "macroF1": 0.5093660111043617
    },
    "std": {
      "acc": 0.015789473684210496,
      "qwk": 0.022765273923249032,
      "within1": 0.017455919949238934,
      "mae": 0.03431159160632973,
      "BA": 0.02792995353606497,
      "macroF1": 0.029896598504195314
    },
    "avg_conf": [
      [
        3.8,
        0.2,
        0.0,
        0.0,
        0.0
      ],
      [
        0.6,
        8.0,
        0.2,
        0.2,
        1.0
      ],
      [
        0.2,
        2.0,
        0.0,
        0.0,
        1.8
      ],
      [
        0.0,
        1.4,
        0.4,
        0.2,
        2.0
      ],
      [
        0.0,
        2.6,
        0.6,
        0.4,
        50.4
      ]
    ]
  }
}