{
  "bestEMA_acc_original_setup_rep0.pth": {
    "test": {
      "metrics": {
        "acc": 0.8289473684210527,
        "qwk": 0.7952095808383234,
        "within1": 0.9078947368421053,
        "mae": 0.3157894736842105
      },
      "macro": {
        "per_class_recall": [
          1.0,
          0.5,
          0.0,
          0.25,
          0.9814814814814815
        ],
        "per_class_precision": [
          0.8,
          0.5555555555555556,
          0.0,
          1.0,
          0.8833333333333333
        ],
        "per_class_f1": [
          0.888888888888889,
          0.5263157894736842,
          0.0,
          0.4,
          0.9298245614035088
        ],
        "balanced_acc": 0.5462962962962963,
        "macro_f1": 0.5490058479532165,
        "conf_row_norm": [
          [
            1.0,
            0.0,
            0.0,
            0.0,
            0.0
          ],
          [
            0.1,
            0.5,
            0.1,
            0.0,
            0.3
          ],
          [
            0.0,
            0.5,
            0.0,
            0.0,
            0.5
          ],
          [
            0.0,
            0.25,
            0.0,
            0.25,
            0.5
          ],
          [
            0.0,
            0.018518518518518517,
            0.0,
            0.0,
            0.9814814814814815
          ]
        ]
      },
      "conf": [
        [
          4,
          0,
          0,
          0,
          0
        ],
        [
          1,
          5,
          1,
          0,
          3
        ],
        [
          0,
          2,
          0,
          0,
          2
        ],
        [
          0,
          1,
          0,
          1,
          2
        ],
        [
          0,
          1,
          0,
          0,
          53
        ]
      ]
    }
  },
  "bestEMA_acc_original_setup_rep1.pth": {
    "test": {
      "metrics": {
        "acc": 0.8026315789473685,
        "qwk": 0.8242733106832767,
        "within1": 0.8947368421052632,
        "mae": 0.32894736842105265
      },
      "macro": {
        "per_class_recall": [
          0.75,
          0.8,
          0.0,
          0.0,
          0.9259259259259259
        ],
        "per_class_precision": [
          0.6,
          0.6666666666666666,
          0.0,
          0.0,
          0.9090909090909091
        ],
        "per_class_f1": [
          0.6666666666666665,
          0.7272727272727272,
          0.0,
          0.0,
          0.9174311926605504
        ],
        "balanced_acc": 0.4951851851851852,
        "macro_f1": 0.4622741173199888,
        "conf_row_norm": [
          [
            0.75,
            0.25,
            0.0,
            0.0,
            0.0
          ],
          [
            0.1,
            0.8,
            0.0,
            0.0,
            0.1
          ],
          [
            0.25,
            0.25,
            0.0,
            0.0,
            0.5
          ],
          [
            0.0,
            0.25,
            0.25,
            0.0,
            0.5
          ],
          [
            0.0,
            0.018518518518518517,
            0.037037037037037035,
            0.018518518518518517,
            0.9259259259259259
          ]
        ]
      },
      "conf": [
        [
          3,
          1,
          0,
          0,
          0
        ],
        [
          1,
          8,
          0,
          0,
          1
        ],
        [
          1,
          1,
          0,
          0,
          2
        ],
        [
          0,
          1,
          1,
          0,
          2
        ],
        [
          0,
          1,
          2,
          1,
          50
        ]
      ]
    }
  },
  "bestEMA_acc_original_setup_rep2.pth": {
    "test": {
      "metrics": {
        "acc": 0.8026315789473685,
        "qwk": 0.7658450704225352,
        "within1": 0.868421052631579,
        "mae": 0.39473684210526316
      },
      "macro": {
        "per_class_recall": [
          1.0,
          1.0,
          0.0,
          0.0,
          0.8703703703703703
        ],
        "per_class_precision": [
          1.0,
          0.5263157894736842,
          0.0,
          0.0,
          0.94
        ],
        "per_class_f1": [
          1.0,
          0.6896551724137931,
          0.0,
          0.0,
          0.9038461538461539
        ],
        "balanced_acc": 0.5740740740740741,
        "macro_f1": 0.5187002652519894,
        "conf_row_norm": [
          [
            1.0,
            0.0,
            0.0,
            0.0,
            0.0
          ],
          [
            0.0,
            1.0,
            0.0,
            0.0,
            0.0
          ],
          [
            0.0,
            0.5,
            0.0,
            0.0,
            0.5
          ],
          [
            0.0,
            0.5,
            0.25,
            0.0,
            0.25
          ],
          [
            0.0,
            0.09259259259259259,
            0.018518518518518517,
            0.018518518518518517,
            0.8703703703703703
          ]
        ]
      },
      "conf": [
        [
          4,
          0,
          0,
          0,
          0
        ],
        [
          0,
          10,
          0,
          0,
          0
        ],
        [
          0,
          2,
          0,
          0,
          2
        ],
        [
          0,
          2,
          1,
          0,
          1
        ],
        [
          0,
          5,
          1,
          1,
          47
        ]
      ]
    }
  },
  "bestEMA_acc_original_setup_rep3.pth": {
    "test": {
      "metrics": {
        "acc": 0.8421052631578947,
        "qwk": 0.8202893175074184,
        "within1": 0.8947368421052632,
        "mae": 0.3026315789473684
      },
      "macro": {
        "per_class_recall": [
          1.0,
          0.9,
          0.0,
          0.0,
          0.9444444444444444
        ],
        "per_class_precision": [
          1.0,
          0.5625,
          0.0,
          0.0,
          0.9272727272727272
        ],
        "per_class_f1": [
          1.0,
          0.6923076923076923,
          0.0,
          0.0,
          0.9357798165137615
        ],
        "balanced_acc": 0.5688888888888888,
        "macro_f1": 0.5256175017642908,
        "conf_row_norm": [
          [
            1.0,
            0.0,
            0.0,
            0.0,
            0.0
          ],
          [
            0.0,
            0.9,
            0.0,
            0.1,
            0.0
          ],
          [
            0.0,
            0.5,
            0.0,
            0.0,
            0.5
          ],
          [
            0.0,
            0.5,
            0.0,
            0.0,
            0.5
          ],
          [
            0.0,
            0.05555555555555555,
            0.0,
            0.0,
            0.9444444444444444
          ]
        ]
      },
      "conf": [
        [
          4,
          0,
          0,
          0,
          0
        ],
        [
          0,
          9,
          0,
          1,
          0
        ],
        [
          0,
          2,
          0,
          0,
          2
        ],
        [
          0,
          2,
          0,
          0,
          2
        ],
        [
          0,
          3,
          0,
          0,
          51
        ]
      ]
    }
  },
  "bestEMA_acc_original_setup_rep4.pth": {
    "test": {
      "metrics": {
        "acc": 0.8289473684210527,
        "qwk": 0.8240101707228478,
        "within1": 0.9210526315789473,
        "mae": 0.3026315789473684
      },
      "macro": {
        "per_class_recall": [
          1.0,
          0.8,
          0.0,
          0.0,
          0.9444444444444444
        ],
        "per_class_precision": [
          0.8,
          0.5333333333333333,
          0.0,
          0.0,
          0.9107142857142857
        ],